Country Name,Country Code,adolescent_fertility,gdp_per_capita,female_labor_force_participation,female_life_expectancy,maternal_mortality,women_in_parliament,female_secondary_enrollment,female_tertiary_enrollment,female_unemployment,female_secondary_enrollment_norm,female_tertiary_enrollment_norm,female_labor_force_participation_norm,female_life_expectancy_norm,women_in_parliament_norm,female_unemployment_norm,maternal_mortality_norm,adolescent_fertility_norm,education_index,economic_participation_index,health_index,political_representation_index,womens_development_index
Finland,FIN,3.095,52834.2916752703,57.489,84.3,8.0,46.0,151.367446899414,123.14087677002,6.413,0.9919211174878462,0.7159506505134667,0.6751286581150625,0.8863465978948629,0.7510204081632653,0.8440562955516462,0.9929435483870968,0.98280877210184,0.8539358840006565,0.7595924768333544,0.9540329727945999,0.7510204081632653,0.829645435447969
Iceland,ISL,3.369,82138.7892973557,70.368,84.3,3.0,47.6190476190476,106.320831298828,104.202987670898,3.103,0.6912482359741414,0.6038170732859072,0.8400030724325984,0.8863465978948629,0.7774538386783282,0.927243025885901,0.9979838709677419,0.9810177468379253,0.6475326546300243,0.8836230491592497,0.9551160719001768,0.7774538386783282,0.8159314035919447
Sweden,SWE,1.792,54950.2834725622,61.685,85.0,4.0,46.4183381088825,143.316436767578,104.125679016113,7.866,0.9381829979163578,0.6033593192053801,0.7288450213790101,0.9073379914235162,0.7578504181042041,0.8075395828097512,0.9969758064516129,0.9913259469882668,0.770771158560869,0.7681923020943806,0.9652132482877986,0.7578504181042041,0.8155067817618131
Norway,NOR,1.405,87497.2179649556,62.371,84.6,1.0,46.1538461538462,116.642189025879,114.607200622559,3.454,0.7601402565521712,0.6654217014681022,0.7376270578897508,0.8953429094071428,0.7535321821036115,0.918421713998492,1.0,0.9938556067588326,0.7127809790101367,0.8280243859441214,0.9630661720553251,0.7535321821036115,0.8143509297782987
Australia,AUS,6.715,65058.3773146674,62.576,85.1,2.0,38.4105960264901,131.09733581543,125.171501159668,3.572,0.8566241006761088,0.7279742279895497,0.740251427400978,0.9103367619276094,0.6271117718610628,0.9154561447599899,0.998991935483871,0.959146321534791,0.7922991643328292,0.827853786080484,0.9561583396487571,0.6271117718610628,0.8008557654807833
Netherlands,NLD,1.858,63515.6030780019,63.079,83.4,4.0,40.0,140.839157104492,94.4388198852539,3.744,0.9216478863506028,0.5460022314773166,0.7466907340553549,0.8593576633580233,0.6530612244897959,0.9111334506157326,0.9969758064516129,0.9908945321436742,0.7338250589139597,0.8289120923355437,0.9490760006511035,0.6530612244897959,0.7912185940976006
New Zealand,NZL,10.879,49075.9562832927,66.922,83.5,7.0,44.2622950819672,117.271408081055,95.5678100585938,3.974,0.764340108281335,0.5526871215476273,0.7958880610389942,0.8623564338621165,0.7226497156239543,0.9053531037949234,0.9939516129032258,0.9319279667941301,0.6585136149144812,0.8506205824169588,0.9294120045198241,0.7226497156239543,0.7902989793688047
Belgium,BEL,3.67,55291.4754541329,49.834,84.5,4.0,42.6666666666667,152.577819824219,95.5885467529297,5.057,1.0,0.5528099060725333,0.5771308600250915,0.8923441389030496,0.6965986394557828,0.8781352098517216,0.9969758064516129,0.9790502336830408,0.7764049530362667,0.7276330349384066,0.9561233930125678,0.6965986394557828,0.789190005110756
Denmark,DNK,1.14,68043.5466971243,59.812,83.7,4.0,43.5754189944134,126.258628845215,94.8593978881836,5.274,0.824327157872795,0.5484925257083625,0.7048672453081393,0.8683539748703032,0.7114354121536881,0.8726815782860016,0.9969758064516129,0.9955878027257574,0.6864098417905787,0.7887744117970704,0.9536391946825579,0.7114354121536881,0.7850647151059738
United Arab Emirates,ARE,3.103,49850.6872175164,52.347,84.204,3.0,50.0,102.195120776205,70.1777672820254,4.34,0.6637103343007396,0.40234954656260064,0.6093017896919886,0.8834677782109333,0.8163265306122449,0.8961548127670269,0.9979838709677419,0.9827564793934046,0.5330299404316701,0.7527283012295077,0.9547360428573599,0.8163265306122449,0.7642052037826956
Andorra,AND,3.48,46812.4261013102,53.205,86.107,11.0,50.0,99.4687423706055,68.0038204393505,5.473,0.6455125620512816,0.38947733916420607,0.6202857362316613,0.9405343809038293,0.8163265306122449,0.8676803216888666,0.9899193548387096,0.9802921855083832,0.5174949506077439,0.7439830289602639,0.970248640416974,0.8163265306122449,0.7620132876493066
Argentina,ARG,26.414,14261.8465667948,52.958,79.875,33.0,43.1906614785992,107.980730920017,140.19173357234,6.793,0.7023275766853648,0.8169108767578823,0.617123691015695,0.7536510030887336,0.7051536567934564,0.8345061573259613,0.967741935483871,0.8303820636010066,0.7596192267216235,0.7258149241708282,0.8505916673912037,0.7051536567934564,0.7602948687692779
Spain,ESP,4.809,33493.2225409111,52.773,86.7,3.0,44.2857142857143,120.571983337402,106.624557495117,13.88,0.7863704752633504,0.6181554869007899,0.6147553575543436,0.9583170899931028,0.7230320699708457,0.6563960794169389,0.9979838709677419,0.9716050593195411,0.7022629810820702,0.6355757184856412,0.9759686734267953,0.7230320699708457,0.759209860741338
Austria,AUT,3.836,56579.504175468,55.812,84.2,6.0,40.9836065573771,99.5390701293945,103.992767333984,5.025,0.6459819791118879,0.6025723327416592,0.6536600353329748,0.8833478273907698,0.669120107059218,0.878939432018095,0.9949596774193549,0.9779651599830048,0.6242771559267736,0.7662997336755348,0.9520908882643765,0.669120107059218,0.7529469712314757
Slovenia,SVN,3.496,32660.4753581346,52.986,84.9,3.0,37.7777777777778,108.57103729248,97.7710037231445,3.714,0.7062676977270451,0.5657325029857634,0.617482141485521,0.9043392209194231,0.6167800453514742,0.9118874088967077,0.9979838709677419,0.9801876000915123,0.6360001003564042,0.7646847751911143,0.9608368973262258,0.6167800453514742,0.7445754545563046
Switzerland,CHE,1.483,100623.549627296,62.375,86.0,5.0,38.5,101.31884765625,78.7506637573242,4.283,0.6578614695090759,0.45311072400667807,0.737678265099726,0.9373256964644495,0.6285714285714286,0.8975873335008796,0.9959677419354839,0.9933457528515868,0.555486096757877,0.8176327993003027,0.9755463970838401,0.6285714285714286,0.744309180428362
United Kingdom,GBR,8.359,49944.4702124201,57.38,83.208,8.0,34.6153846153846,113.658416748047,93.4978408813477,3.683,0.7402244560731495,0.5404305787312395,0.6737332616432393,0.8536000239901639,0.5651491365777077,0.912666499120382,0.9929435483870968,0.9484001699513024,0.6403275174021945,0.7931998803818107,0.931647914109521,0.5651491365777077,0.7325811121178084
Cuba,CUB,48.674,9605.27914559614,41.159,80.52,35.0,55.7446808510638,96.3481332918381,65.2492928138711,1.861,0.6246834162590589,0.37316744133977214,0.46607522339145346,0.7729930728401353,0.910117238384715,0.9584568987182709,0.9657258064516129,0.6848776023793182,0.4989254287994155,0.7122660610548621,0.8078654938903554,0.910117238384715,0.732293555532337
Portugal,PRT,6.985,27634.6183139773,54.719,85.3,15.0,36.0869565217391,121.013473510742,85.4132080078125,6.862,0.7893172920398897,0.49256047029750405,0.6396676652072611,0.9163343029357961,0.5891748003549241,0.8327720532797185,0.9858870967741935,0.957381442625094,0.6409388811686969,0.7362198592434899,0.9532009474450277,0.5891748003549241,0.7298836220530346
"Macao SAR, China",MAC,0.465,67216.3631112124,62.631,86.1,44.0,25.04489795918365,91.7987421383648,134.410891089109,1.935,0.5943175712558223,0.7826817953834542,0.7409555265381365,0.9403244669685427,0.40889629321116167,0.9565971349585323,0.9566532258064516,1.0,0.6884996833196382,0.8487763307483344,0.9656592309249982,0.40889629321116167,0.727957884551033
Moldova,MDA,23.04,6799.58594644576,70.064,75.535,19.0,38.6138613861386,96.9969097488181,81.7232329363875,1.234,0.6290138078806636,0.4707116727639612,0.8361113244744859,0.6235043632110833,0.6304303899777731,0.974214626790651,0.9818548387096774,0.8524365133836651,0.5498627403223124,0.9051629756325684,0.8192652384348085,0.6304303899777731,0.7261803360918656
Singapore,SGP,2.16,85412.230345235,63.299,85.3,6.0,29.126213592233,102.676070813741,102.127991350812,3.703,0.666920534039878,0.5915307641366973,0.749507130603989,0.9163343029357961,0.47553001783237553,0.9121638602663986,0.9949596774193549,0.9889204824002353,0.6292256490882877,0.8308354954351937,0.9667381542517953,0.47553001783237553,0.7255823291519131
Belarus,BLR,8.595,7896.75388295584,57.417,79.065,1.0,40.0,97.184372562362,78.4458374741992,2.773,0.6302650669058628,0.4513058099858555,0.6742069283355095,0.7293609620055775,0.6530612244897959,0.9355365669766273,1.0,0.9468575350524561,0.5407854384458591,0.8048717476560685,0.892072832352678,0.6530612244897959,0.7226978107361004
Costa Rica,CRI,26.251,16942.0268119375,44.088,83.42,24.0,47.3684210526316,130.602096557617,60.4732704162598,10.21,0.8533185246034103,0.3448880236306501,0.5035717028957677,0.8599574174588418,0.7733619763694954,0.7486303091228952,0.9768145161290323,0.8314475275353792,0.5991032741170301,0.6261010060093315,0.8894064870410844,0.7733619763694954,0.7219931858842353
Chile,CHL,6.542,17067.0364799154,51.963,83.084,10.0,35.4838709677419,104.630210876465,114.003547668457,9.359,0.6799638429701266,0.6618473978700006,0.6043858975343728,0.8498815485650884,0.5793285055957861,0.7700175923598894,0.9909274193548387,0.9602771513547079,0.6709056204200636,0.687201744947131,0.933695373091545,0.5793285055957861,0.7177828110136314
France,FRA,3.507,44700.1384177544,52.108,85.7,7.0,37.7816291161178,104.395561218262,80.5344314575195,7.205,0.6783976256652868,0.4636726325762635,0.6062421588959724,0.9283293849521695,0.6168429243447804,0.824151796933903,0.9939516129032258,0.9801156976174135,0.5710351291207751,0.7151969779149376,0.9674655651576028,0.6168429243447804,0.717635149134524
Germany,DEU,5.473,54776.7668235491,55.821,83.5,4.0,35.1902173913043,97.6778869628906,82.1993179321289,2.857,0.6335591300645946,0.4735306307458899,0.6537752515554189,0.8623564338621165,0.5745341614906825,0.933425483789897,0.9969758064516129,0.9672647645193974,0.5535448804052423,0.793600367672658,0.9421990016110423,0.5745341614906825,0.7159696027949063
Canada,CAN,4.805,54220.3285039875,61.134,83.88,12.0,30.6547619047619,104.46174621582,88.6089019775391,5.259,0.6788393910157671,0.5114825684613695,0.7217912282049311,0.8737517617776709,0.5004859086491739,0.8730585574264891,0.9889112903225806,0.9716312056737588,0.5951609797385683,0.7974248928157102,0.9447647525913369,0.5004859086491739,0.7094591334486974
Ireland,IRL,4.069,106818.917130804,60.155,84.6,4.0,23.125,136.129119873047,85.6828994750977,4.216,0.8902097761278012,0.49415734674007655,0.7092582635635097,0.8953429094071428,0.37755102040816324,0.899271173661724,0.9969758064516129,0.9764421348498219,0.6921835614339389,0.8042647186126168,0.9562536169028593,0.37755102040816324,0.7075632293393945
"Hong Kong SAR, China",HKG,1.12,50562.3633144379,52.27,88.09,44.0,25.04489795918365,103.838896020539,110.140271493213,2.422,0.6746820495491626,0.6389724631251246,0.6083160508999667,1.0,0.40889629321116167,0.9443578788640362,0.9566532258064516,0.9957185344968461,0.6568272563371436,0.7763369648820014,0.9841239201010992,0.40889629321116167,0.7065461086328514
Malta,MLT,10.398,40905.8059585057,55.525,85.2,8.0,27.8481012658228,103.851119995117,101.422912597656,3.201,0.6747636409764188,0.587355905872151,0.6499859180172567,0.913335532431703,0.4546628778093519,0.9247800955013823,0.9929435483870968,0.9350720658888126,0.6310597734242849,0.7873830067593195,0.9471170489025375,0.4546628778093519,0.7050556767238734
Latvia,LVA,7.565,22710.2637544197,55.436,80.6,19.0,32.0,102.485107421875,101.502548217773,5.432,0.6656459096861844,0.5878274382014257,0.6488465575953094,0.77539208924341,0.5224489795918368,0.8687107313395326,0.9818548387096774,0.9535902212635226,0.6267366739438051,0.7587786444674209,0.9036123830722033,0.5224489795918368,0.7028941702688165
Mexico,MEX,60.099,13860.9597809326,47.317,77.811,42.0,50.0,108.700912475586,51.6074905395508,2.797,0.7071345762931919,0.29239264744146426,0.5449087231482193,0.6917563798842475,0.8163265306122449,0.9349334003518472,0.9586693548387096,0.6101970781449162,0.4997636118673281,0.7399210617500332,0.7535409376226244,0.8163265306122449,0.7023880354630577
Poland,POL,6.191,22145.2660647429,52.209,82.1,2.0,29.3478260869565,107.910926818848,93.4927291870117,2.788,0.7018616548850224,0.54040031175858,0.6075351409478454,0.8203736468048097,0.47914818101153467,0.9351595878361397,0.998991935483871,0.9625714939373141,0.6211309833218013,0.7713473643919926,0.9273123587419984,0.47914818101153467,0.6997347218668317
Peru,PER,43.562,7887.54185920108,65.083,80.123,51.0,38.7596899224806,113.164916992188,60.20214459287705,5.8,0.7369304906632707,0.343282654188705,0.7723455462529123,0.7610879539388851,0.6328112640404996,0.8594621764262378,0.9495967741935484,0.718292643069582,0.5401065724259878,0.815903861339575,0.8096591237340052,0.6328112640404996,0.6996202053850169
Estonia,EST,5.026,30264.0064885057,61.049,83.3,5.0,28.7128712871287,110.660980224609,81.3784027099609,6.638,0.7202174507822836,0.4686698904606105,0.7207030749929589,0.8563588928539297,0.4687815720347543,0.8384016084443328,0.9959677419354839,0.970186619603229,0.5944436706214471,0.7795523417186458,0.9408377514642142,0.4687815720347543,0.6959038339597653
Croatia,HRV,6.57,22184.2279304842,47.139,81.7,3.0,31.7880794701987,108.546096801758,97.7153091430664,6.652,0.7061012273027575,0.5654027285075385,0.5426300023043245,0.8083785647884367,0.5189890525746726,0.8380497612465443,0.9979838709677419,0.9600941268751838,0.6357519779051479,0.6903398817754344,0.9221521875437876,0.5189890525746726,0.6918082749497606
Ecuador,ECU,55.531,6737.84748379638,52.521,80.139,55.0,43.0656934306569,94.1827583420861,76.0744634319622,4.349,0.6102301767199922,0.437264611787428,0.6115293033259083,0.7615677572195397,0.7031133621331739,0.8959286252827343,0.9455645161290323,0.6400562146615681,0.5237473942537101,0.7537289643043212,0.7823961626700466,0.7031133621331739,0.6907464708403129
United States,USA,13.145,81032.262117545,56.602,81.1,17.0,28.9655172413793,98.6511611938477,94.8502197265625,3.45,0.6400554486808393,0.5484381806813344,0.6637734593030697,0.7903859417638766,0.4729064039408865,0.9185222417692888,0.9838709677419355,0.917116057129784,0.5942468146810869,0.7911478505361793,0.8971243222118653,0.4729064039408865,0.6888563478425045
Bolivia,BOL,64.848,4274.70820547613,72.455,71.145,146.0,46.1538461538462,91.2883197233107,60.20214459287705,3.432,0.590910652083819,0.343282654188705,0.8667204342371406,0.4918583380813864,0.7535321821036115,0.9189746167378738,0.8538306451612903,0.5791548190999117,0.46709665313626203,0.8928475254875072,0.6416146007808629,0.7535321821036115,0.6887727403770609
Lithuania,LTU,5.854,27786.0057829276,57.914,81.9,8.0,28.3687943262411,104.355499267578,91.756950378418,6.373,0.6781302239528469,0.5301225513353011,0.6805694241749238,0.8143761057966235,0.4631639889998547,0.845061573259613,0.9929435483870968,0.9647743242801582,0.604126387644074,0.7628154987172684,0.9240313261546261,0.4631639889998547,0.6885343003789558
Grenada,GRD,29.088,11414.4781691181,53.205,78.359,48.0,31.25,102.901307966706,112.941963195801,5.473,0.6684239256466172,0.655561625267516,0.6202857362316613,0.7081896422466786,0.5102040816326531,0.8676803216888666,0.9526209677419355,0.8129032258064516,0.6619927754570667,0.7439830289602639,0.8245712785983552,0.5102040816326531,0.6851877911620847
Greece,GRC,7.044,23343.7103964562,44.646,84.4,5.0,23.0,104.025230407715,171.113082885742,14.238,0.6759257766609629,1.0,0.5107151086873031,0.8893453683989565,0.37551020408163266,0.6473988439306358,0.9959677419354839,0.9569957839003824,0.8379628883304815,0.5790569763089695,0.9474362980782742,0.37551020408163266,0.6849915916998395
Uruguay,URY,26.188,23019.4221560046,56.518,81.92,15.0,26.2626262626263,125.241045093642,101.562689083766,9.46,0.8175350862667985,0.5881835396869747,0.6626981078935914,0.814975859897442,0.4287775716347151,0.7674792661472731,0.9858870967741935,0.8318593326143086,0.7028593129768865,0.7150886870204323,0.8775740964286481,0.4287775716347151,0.6810749170151704
Albania,ALB,12.789,9730.86921906893,57.963,81.446,7.0,35.7142857142857,92.6682931237011,77.0315270509882,10.957,0.6001215677802748,0.4429315035235674,0.6811967124971195,0.8007616877080396,0.5830903790087462,0.7298567479266147,0.9939516129032258,0.9194430826551623,0.5215265356519211,0.7055267302118671,0.9047187944221425,0.5830903790087462,0.6787156098236692
Italy,ITA,2.852,39277.0838783918,41.312,85.4,6.0,32.25,100.401916503906,89.5502166748047,8.763,0.6517412243352882,0.5170562088892333,0.4680338991730035,0.9193330734398897,0.5265306122448979,0.7849962302085951,0.9949596774193549,0.9843971631205674,0.5843987166122608,0.6265150646907993,0.9662299713266039,0.5265306122448979,0.6759185912186405
Israel,ISR,6.204,52003.7200729997,61.338,85.5,2.0,24.1666666666667,99.5341491699219,67.1937103271484,3.194,0.6459491331578754,0.3846805772677783,0.7244027959136646,0.9223318439439828,0.39455782312925225,0.9249560191002765,0.998991935483871,0.9624865182861064,0.5153148552128268,0.8246794075069706,0.9612700992379869,0.39455782312925225,0.6739555462717591
Serbia,SRB,13.669,12281.707946167,51.414,78.6,11.0,34.8,95.2010726928711,87.7373886108398,8.644,0.6170271248603826,0.5063222303213517,0.5973577079652814,0.7154166791615435,0.5681632653061224,0.7879869313897965,0.9899193548387096,0.9136908847272608,0.5616746775908672,0.692672319677539,0.8730089729091713,0.5681632653061224,0.673879808870925
China,CHN,5.227,12951.1782397043,60.216,80.926,16.0,26.5367819952973,94.6070022583008,80.7794373835271,4.059,0.6130618798136043,0.46512334288412227,0.710039173515631,0.7851680810867544,0.43325358359669064,0.9032168886654939,0.9848790322580645,0.968872765303788,0.5390926113488632,0.8066280310905625,0.912973292882869,0.43325358359669064,0.6729868797297464
Luxembourg,LUX,4.023,133230.619178899,57.196,85.0,11.0,33.3333333333333,108.685668945312,23.4462203979492,5.436,0.7070328302216876,0.1256462934142959,0.6713777299843817,0.9073379914235162,0.5442176870748294,0.8686102035687359,0.9899193548387096,0.9767428179233258,0.41633956181799175,0.7699939667765587,0.9580000547285171,0.5442176870748294,0.6721378175994743
"Korea, Rep.",KOR,0.537,35674.095995632,56.038,86.4,4.0,19.0635451505017,95.9690704345703,99.2188186645508,2.722,0.6221532834166696,0.5743051938328612,0.6565532426965716,0.949320778480823,0.31124155347757876,0.936818296054285,0.9969758064516129,0.9995293656240808,0.5982292386247654,0.7966857693754283,0.9819419835188389,0.31124155347757876,0.6720246362491529
Cyprus,CYP,6.981,36623.69140625,62.495,83.668,14.0,14.2857142857143,105.460327148438,127.65128326416,5.885,0.6855046244063748,0.742657323696054,0.7392144813989808,0.8673943683089934,0.23323615160349878,0.8573259612968083,0.9868951612903226,0.9574075889793117,0.7140809740512144,0.7982702213478945,0.9372323728595425,0.23323615160349878,0.6707049299655375
Czechia,CZE,5.979,31761.5944102491,53.241,82.9,3.0,26.0,98.0195083618164,76.8560104370117,3.039,0.6358393522085292,0.4418922480033222,0.6207466011214379,0.8443638108375566,0.42448979591836733,0.9288514702186479,0.9979838709677419,0.963957250710854,0.5388658001059257,0.7747990356700429,0.9354349775053842,0.42448979591836733,0.6683974022999299
Puerto Rico (US),PRI,14.076,36980.7884784287,36.29,85.243,11.0,25.04489795918365,112.479949951172,95.9290709290709,4.691,0.732358537560505,0.5548261917210194,0.4037432470491845,0.9146250037484629,0.40889629321116167,0.887333500879618,0.9899193548387096,0.9110304931856064,0.6435923646407622,0.6455383739644013,0.9385249505909262,0.40889629321116167,0.6591379956018127
North Macedonia,MKD,12.963,8674.35846327485,42.158,77.58,3.0,42.5,90.173713684082,64.9685974121094,11.453,0.5834709853053205,0.37150540924389697,0.4788642240827508,0.6848292200197917,0.6938775510204082,0.7173913043478262,0.9979838709677419,0.9183057162466909,0.4774881972746087,0.5981277642152885,0.8670396024114081,0.6938775510204082,0.6591332787304284
St. Kitts and Nevis,KNA,35.183,22576.9248439166,53.205,76.023,74.0,31.25,130.727762803234,60.20214459287705,5.473,0.8541573097524144,0.343282654188705,0.6202857362316613,0.6381383632710587,0.5102040816326531,0.8676803216888666,0.9264112903225806,0.7730627185671798,0.5987199819705598,0.7439830289602639,0.7792041240536064,0.5102040816326531,0.6580278041542708
Liechtenstein,LIE,1.718,206780.590353385,53.205,86.9,44.0,28.0,109.090911865234,36.329231262207,5.473,0.7097377072656446,0.20192818978138974,0.6202857362316613,0.9643146310012896,0.45714285714285713,0.8676803216888666,0.9566532258064516,0.9918096545412949,0.45583294852351713,0.7439830289602639,0.9709258371163454,0.45714285714285713,0.656971167935746
Dominica,DMA,34.138,9912.96212766668,53.205,74.545,36.0,37.5,96.3274307250977,60.20214459287705,5.473,0.6245452327282082,0.343282654188705,0.6202857362316613,0.5938165352205595,0.6122448979591837,0.8676803216888666,0.9647177419354839,0.7798934536065627,0.4839139434584566,0.7439830289602639,0.779475910254202,0.6122448979591837,0.6549044451580266
Viet Nam,VNM,34.277,4323.35031982451,69.215,79.264,48.0,30.2605210420842,90.5445572317873,36.0774676873689,1.511,0.5859462566790453,0.2004374666012913,0.8252425941572574,0.7353285153087232,0.4940493231360686,0.9672530786629806,0.9526209677419355,0.7789848677974964,0.3931918616401683,0.896247836410119,0.8223114502827183,0.4940493231360686,0.6514501178672685
San Marino,SMR,1.158,59879.7173015651,53.205,87.1,8.0,33.3333333333333,59.8075499629904,48.187134502924,5.473,0.38078579298159887,0.2721402974688043,0.6202857362316613,0.9703121720094758,0.5442176870748294,0.8676803216888666,0.9929435483870968,0.9954701441317776,0.3264630452252016,0.7439830289602639,0.9862419548427833,0.5442176870748294,0.6502264290257695
Armenia,ARM,13.445,8159.08720967996,51.517,81.0,19.0,35.5140186915888,88.2232017685754,63.8260087137715,13.155,0.5704518931883412,0.364740000629779,0.5986762936221419,0.7873871712597834,0.5798207133320621,0.6746167378738377,0.9818548387096774,0.915155080563454,0.46759594690906015,0.6366465157479898,0.8947990301776382,0.5798207133320621,0.6447155515416876
Nicaragua,NIC,93.452,2609.44492072931,50.728,77.418,60.0,51.6483516483517,70.6665573120117,35.6554985046387,4.828,0.4532664663124996,0.1979389350230532,0.5885756714545407,0.6799712118031608,0.8432383942588032,0.8838904247298316,0.9405241935483871,0.39218224008889757,0.3256027006677764,0.7362330480921861,0.6708925484801486,0.8432383942588032,0.6439916728747286
Cabo Verde,CPV,38.755,4794.90121917259,50.216,79.209,40.0,41.6666666666667,103.582593697222,29.9564459930314,11.316,0.6729713070868725,0.16419414215889697,0.5820211485777197,0.7336791915314721,0.680272108843538,0.7208343804976125,0.9606854838709677,0.7497140242507435,0.4185827246228847,0.651427764537666,0.8146928998843945,0.680272108843538,0.6412438744721207
Barbados,BRB,45.332,25583.878782727,61.146,78.615,35.0,26.6666666666667,104.055282592773,73.9003917179631,6.896,0.6761263661382566,0.42439166501052067,0.7219448498348567,0.7158664947371575,0.4353741496598645,0.8319175672279467,0.9657258064516129,0.7067228813282348,0.5502590155743886,0.7769312085314017,0.7961050608390017,0.4353741496598645,0.6396673586511641
Ethiopia,ETH,69.865,1055.81091592527,58.141,70.726,195.0,41.3135593220339,94.6070022583008,60.20214459287705,4.679,0.6130618798136043,0.343282654188705,0.6834754333410143,0.4792934896692355,0.6745070909719821,0.887635084192008,0.8044354838709677,0.5463607543223192,0.47817226700115467,0.7855552587665111,0.6100299092875076,0.6745070909719821,0.6370661315067888
Bulgaria,BGR,39.098,15853.208636704,51.029,79.7,6.0,24.1666666666667,94.6070022583008,91.7683181762695,4.217,0.6130618798136043,0.5301898614685274,0.5924290140051719,0.7484031547065703,0.39455782312925225,0.8992460417190249,0.9949596774193549,0.7474719743765729,0.5716258706410658,0.7458375278620983,0.830278268834166,0.39455782312925225,0.6355748726166456
Bahrain,BHR,7.535,29290.1284215098,42.382,81.987,17.0,20.0,101.916572717024,84.3254442585066,3.591,0.6618511081085523,0.48611968696892344,0.48173182784136,0.8169850361351844,0.32653061224489793,0.9149786378487057,0.9838709677419355,0.9537863189201555,0.5739853975387379,0.6983552328450329,0.9182141075990918,0.32653061224489793,0.6292713375569401
Russian Federation,RUS,12.974,14159.3876953125,55.363,78.73,9.0,16.4444444444445,91.6148817164136,98.1264801025391,3.188,0.5930903571326891,0.5678373224739748,0.6479120260132626,0.7193150808168651,0.26848072562358366,0.9251068107564715,0.9919354838709677,0.9182338137725921,0.5804638398033319,0.7865094183848671,0.8764947928201416,0.26848072562358366,0.6279871941579811
Timor-Leste,TLS,27.406,1502.41147438211,60.774,69.436,192.0,36.9230769230769,89.3942621030436,31.5507306442772,1.542,0.5782683757474966,0.17363409822408862,0.7171825793071663,0.4406093501664319,0.6028257456828882,0.9664739884393063,0.8074596774193549,0.8238977677550087,0.3759512369857926,0.8418282838732363,0.6906555984469317,0.6028257456828882,0.6278152162472121
Rwanda,RWA,30.779,1027.03446826565,58.044,69.886,229.0,61.25,48.7785157251447,7.74449892974717,14.365,0.3071702402837124,0.03267446389070393,0.6822336584991165,0.4541038174348515,1.0,0.6442070872078411,0.7701612903225806,0.8018498545609046,0.16992235208720818,0.6632203728534789,0.6753716541061122,1.0,0.6271285947616998
Uganda,UGA,106.954,1002.30913917142,75.445,71.116,170.0,33.8129496402878,94.6070022583008,60.20214459287705,3.341,0.6130618798136043,0.343282654188705,0.904997823693576,0.49098869463519945,0.5520481573924538,0.9212616235234984,0.8296370967741935,0.30392522142693723,0.47817226700115467,0.9131297236085372,0.5415170042787767,0.5520481573924538,0.6212167880702306
Jamaica,JAM,36.541,7542.40084275345,63.047,73.994,130.0,28.5714285714286,85.6044566148171,60.20214459287705,3.93,0.5529725411697111,0.343282654188705,0.7462810763755535,0.5772933097430053,0.46647230320699756,0.9064589092736869,0.8699596774193549,0.7641860313102592,0.44812759767920807,0.8263699928246202,0.7371463394908732,0.46647230320699756,0.6195290583004248
Thailand,THA,26.145,7195.10130919449,60.311,80.861,34.0,18.8376753507014,96.6361035696829,52.2406320377059,0.808,0.6266055329836009,0.29614155634613404,0.711255344752541,0.7832188802590938,0.30755388327675753,0.9849208343804976,0.966733870967742,0.8321404059221492,0.46137354466486746,0.8480880895665193,0.8606977190496616,0.30755388327675753,0.6194283091394515
Slovak Republic,SVK,24.59,24614.8734642794,55.698,81.5,4.0,22.0,93.5071716308594,63.110668182373,5.936,0.6057208345536907,0.36050438111053196,0.6522006298486827,0.80238102378025,0.35918367346938773,0.8560442322191506,0.9969758064516129,0.8423048011242932,0.48311260783211135,0.7541224310339166,0.8805538771187186,0.35918367346938773,0.6192431473635336
Japan,JPN,1.737,33836.1756271617,54.847,87.14,3.0,10.3448275862069,101.637001037598,63.6293296813965,2.322,0.6599850495529447,0.3635754398199427,0.6413062959264664,0.9715116802111133,0.16889514426460245,0.9468710731339532,0.9979838709677419,0.9916854593587606,0.5117802446864437,0.7940886845302098,0.987060336845872,0.16889514426460245,0.615456102581782
Kazakhstan,KAZ,18.235,12879.4275257974,65.029,78.394,10.0,18.3673469387755,94.8671029040021,59.9310187694943,5.473,0.614797974958243,0.34167728474675996,0.7716542489182475,0.7092392119231116,0.29987505206164083,0.8676803216888666,0.9909274193548387,0.8838448213877177,0.47823762985250146,0.819667285303557,0.861337150888556,0.29987505206164083,0.6147792795265639
Turkiye,TUR,12.055,13375.0947282864,35.764,79.855,15.0,19.8333333333333,116.872711181641,109.999862670898,12.719,0.7616789239948105,0.6381410851696364,0.3970094989374504,0.753051248987915,0.32380952380952327,0.6855742648906761,0.9858870967741935,0.9242409386541164,0.6999100045822235,0.5412918819140633,0.8877264281387416,0.32380952380952327,0.6131844596111379
Uzbekistan,UZB,34.081,2878.96879292451,41.24,75.401,26.0,33.5714285714286,97.0191649872622,46.4659334224552,6.554,0.6291623550374822,0.26194885357182557,0.46711216939345057,0.6194860107355982,0.548104956268222,0.840512691631063,0.9747983870967742,0.7802660391541654,0.4455556043046539,0.6538124305122568,0.791516812328846,0.548104956268222,0.6097474508534947
Mongolia,MNG,19.739,5838.63108083902,52.467,76.85,41.0,17.1052631578947,99.3672996596348,85.6669090196632,4.345,0.6448354618560845,0.4940626652811249,0.6108380059912435,0.6629381953399104,0.27926960257787264,0.896029153053531,0.9596774193548387,0.8740137922018498,0.5694490635686047,0.7534335795223872,0.8322098022988662,0.27926960257787264,0.6085905119919327
Georgia,GEO,21.137,8283.66960652261,56.251,79.107,20.0,18.4397163120567,99.8475609756098,84.0958562940011,10.177,0.6480410645818061,0.4847602683128289,0.6592800266277491,0.7306204456172968,0.30105659284990527,0.7494596632319679,0.9808467741935484,0.8648756414027519,0.5664006664473176,0.7043698449298585,0.8587809537378656,0.30105659284990527,0.6076520144912367
Colombia,COL,59.473,7000.83660501046,51.833,80.452,59.0,28.8770053475936,103.587738037109,64.3223495483398,11.874,0.6730056440393092,0.36767889593183445,0.60272166321018,0.7709539088973519,0.4714613117974465,0.7068107564714752,0.9415322580645161,0.6142889825799915,0.5203422699855718,0.6547662098408276,0.7755917165139531,0.4714613117974465,0.6055403770344497
"Bahamas, The",BHS,24.564,38231.774484278,71.014,78.187,76.0,17.9487179487179,95.1823072325164,60.20214459287705,8.225,0.6169018709436886,0.343282654188705,0.8482730368435876,0.7030317569796382,0.2930402930402922,0.7985172153807489,0.9243951612903226,0.8424747524267084,0.48009226256619686,0.8233951261121683,0.8233005568988897,0.2930402930402922,0.6049570596543867
"Korea, Dem. People's Rep.",PRK,0.512,7133.02838048328,77.724,75.744,67.0,17.6128093158661,94.6070022583008,17.9555892944336,3.586,0.6130618798136043,0.09313558941494408,0.934173131576926,0.6297717935646384,0.28755607046312004,0.9151042975622016,0.9334677419354839,0.9996927803379416,0.35309873461427416,0.9246387145695638,0.8543107719460213,0.28755607046312004,0.6049010728982449
Qatar,QAT,5.693,81816.9797967481,63.308,83.368,4.0,4.44444444444444,100.555801391602,72.1567687988281,0.378,0.6527683606026434,0.414067458641204,0.7496223468264331,0.8583980567967131,0.07256235827664392,0.995727569741141,0.9969758064516129,0.965826715037422,0.5334179096219237,0.872674958283787,0.940400192761916,0.07256235827664392,0.6047638547360676
Philippines,PHL,31.887,3804.08274131097,50.445,72.819,84.0,27.3311897106109,92.2052107888903,50.9499907329313,2.48,0.5970306296902699,0.2884995099879298,0.5849527613487978,0.5420577563199088,0.4462235054793616,0.9429002261874843,0.9163306451612904,0.7946073144425924,0.4427650698390998,0.763926493768141,0.7509985719745972,0.4462235054793616,0.6009784102653
Ukraine,UKR,11.377,5139.59814453125,47.738,80.198,15.0,20.4326923076923,87.33740234375,82.0221481323242,10.15,0.5645394431195736,0.4724815865084457,0.5502982819981053,0.7633370318169548,0.33359497645211916,0.7501382256848454,0.9858870967741935,0.9286727456940223,0.5185105148140097,0.6502182538414754,0.8926322914283902,0.33359497645211916,0.5987390091339987
Hungary,HUN,17.537,22230.6277875187,53.995,79.9,12.0,14.070351758794,104.916549682617,63.1527786254883,4.156,0.6818750701020001,0.3607537222382808,0.6303991602017563,0.754400695714757,0.2297200287150041,0.9007790902236743,0.9889112903225806,0.8884073601987122,0.5213143961701404,0.7655891252127154,0.8772397820786834,0.2297200287150041,0.5984658330441358
Saudi Arabia,SAU,11.114,36156.848337701,34.278,81.156,7.0,19.8675496688742,120.79801594321,78.4519577026367,12.434,0.7878791762833546,0.4513420486133264,0.3779860204316768,0.7920652532461692,0.3243681578591706,0.6927368685599398,0.9939516129032258,0.9303918684838383,0.6196106124483405,0.5353614444958082,0.9054695782110778,0.3243681578591706,0.5962024482535992
Panama,PAN,57.342,18797.1933994045,52.694,82.557,37.0,22.5352112676056,94.6070022583008,66.3187931744362,8.544,0.6130618798136043,0.37950008489094217,0.6137440151573341,0.8340780280085165,0.367921816613969,0.7905001256597135,0.9637096774193549,0.6282184527894892,0.49628098235227325,0.7021220704085238,0.8086687194057868,0.367921816613969,0.5937483971951382
Montenegro,MNE,9.375,12259.8775034436,51.777,80.2,6.0,20.9876543209877,95.1452331542969,66.92431640625,14.151,0.6166544123992653,0.3830854626340626,0.6020047622705277,0.763397007227037,0.3426555807508196,0.6495853229454637,0.9949596774193549,0.941758995979998,0.499869937516664,0.6257950426079957,0.9000385602087966,0.3426555807508196,0.592089780271069
Dominican Republic,DOM,52.774,10630.431743829,52.482,76.975,124.0,27.8947368421053,79.048372719494,77.1815521515176,8.442,0.5092126135931154,0.44381982064847153,0.6110300330286503,0.6666866584700271,0.45542427497314775,0.7930635838150288,0.876008064516129,0.6580775893061411,0.4765162171207935,0.7020468084218396,0.7335907707640991,0.45542427497314775,0.5918945178199699
Brazil,BRA,42.686,10377.5897719195,53.205,78.983,67.0,17.5438596491228,108.587013244629,72.5810623168945,9.698,0.7063743324986816,0.4165797528956602,0.6202857362316613,0.7269019701922212,0.28643036161833146,0.7614978637848706,0.9334677419354839,0.7240186946432656,0.5614770426971709,0.690891800008266,0.7947961355903236,0.28643036161833146,0.583398834978523
Indonesia,IDN,26.419,4876.30774512252,53.487,73.268,140.0,21.5652173913044,97.4046705284819,49.8897505872353,3.083,0.6317354908962506,0.28222169731118996,0.6238958445349104,0.5555222358832878,0.35208518189884735,0.9277456647398844,0.8598790322580645,0.8303493806582345,0.45697859410372027,0.7758207546373974,0.7485835495998622,0.35208518189884735,0.5833670200599568
Namibia,NAM,66.034,4187.60500396525,54.828,71.337,139.0,44.2307692307692,86.2067962132394,33.1193265907429,17.948,0.5569929804478416,0.18292194829973424,0.6410630616790843,0.49761597744924585,0.7221350078492931,0.5541593365167127,0.8608870967741935,0.5714024250743537,0.36995746437378796,0.5976111990978985,0.6433018330992644,0.7221350078492931,0.583251376105061
Azerbaijan,AZE,34.767,7133.02838048328,61.748,77.134,18.0,18.6440677966102,90.9502304680864,46.1470602336471,6.5,0.5886540059579825,0.26006076608985434,0.7296515349361189,0.6714547035715356,0.30439294361812574,0.8418698165368184,0.9828629032258065,0.7757819394058241,0.42435738602391837,0.7857606757364686,0.810033182067722,0.30439294361812574,0.5811360468615587
Mozambique,MOZ,153.45,622.000297682823,77.269,66.544,99.0,43.2,94.6070022583008,6.68452621110757,7.325,0.6130618798136043,0.026398234682550505,0.9283483114422512,0.3538849071880527,0.7053061224489796,0.8211359638100025,0.9012096774193549,0.0,0.3197300572480774,0.8747421376261268,0.4183648615358025,0.7053061224489796,0.5795357947147466
Kyrgyz Republic,KGZ,28.324,2138.22210211478,43.495,76.5,42.0,20.0,92.1027509613575,58.4761976216379,4.197,0.5963467405418189,0.3330631092870987,0.4959802340169495,0.6524424985755839,0.32653061224489793,0.8997486805730083,0.9586693548387096,0.8178971794620388,0.4647049249144588,0.6978644572949789,0.8096696776254442,0.32653061224489793,0.574692418019945
Burundi,BDI,53.364,250.627253097255,79.98,65.697,392.0,38.2113821138211,49.2576387332398,5.26864004135132,0.814,0.31036824513985517,0.018014598030609362,0.9630539980029189,0.32848532101838246,0.6238592998174873,0.9847700427243026,0.6058467741935484,0.6542210020590253,0.16419142158523226,0.9739120203636107,0.5295176990903188,0.6238592998174873,0.5728701102141622
St. Vincent and the Grenadines,VCT,42.3,10582.3656725229,58.568,74.315,56.0,18.1818181818182,126.988335100742,63.9955481357819,16.398,0.8291977320454088,0.36574386445914325,0.6889418030058632,0.5869193630611448,0.2968460111317257,0.5931138477004272,0.9445564516129032,0.7265418178252769,0.597470798252276,0.6410278253531452,0.7526725441664417,0.2968460111317257,0.5720042947258972
Romania,ROU,33.75,18244.4186876321,42.172,80.4,12.0,19.0909090909091,81.8756637573242,62.9621315002441,5.12,0.5280839479184231,0.35962487709456437,0.47904344931766385,0.7693945482352237,0.31168831168831185,0.8765518974616738,0.9889112903225806,0.7824296499656829,0.4438544125064937,0.6777976733896689,0.8469118295078291,0.31168831168831185,0.5700630567730759
Solomon Islands,SLB,50.372,1882.64394148042,82.327,71.982,123.0,8.0,94.6070022583008,60.20214459287705,1.503,0.6130618798136043,0.343282654188705,0.9930998284558465,0.5169580472006476,0.1306122448979592,0.967454134204574,0.877016129032258,0.6737784750138902,0.47817226700115467,0.9802769813302104,0.6892508837489318,0.1306122448979592,0.5695780942445641
Mauritius,MUS,19.768,11269.9684462139,47.644,76.89,66.0,20.0,91.3439926033381,52.3138578358996,7.502,0.5912822521482595,0.2965751353291889,0.5490949125636889,0.6641377035415479,0.32653061224489793,0.8166876099522493,0.9344758064516129,0.8738242311337713,0.4439286937387242,0.6828912612579692,0.8241459137089774,0.32653061224489793,0.5693741202376421
Paraguay,PRY,70.332,6299.99026533713,58.994,76.953,58.0,22.5,81.5245895544797,60.20214459287705,7.341,0.5257406310945726,0.343282654188705,0.6943953708682181,0.6660269289591267,0.3673469387755102,0.8207338527268158,0.9425403225806451,0.5433081674673987,0.4345116426416388,0.757564611797517,0.7172918063357235,0.3673469387755102,0.5691787498875973
El Salvador,SLV,54.23,5365.44491399171,48.521,76.264,39.0,27.3809523809524,68.5344206950006,37.275497697837,3.362,0.4390350828473838,0.20753115006287554,0.5603220933507437,0.6453654001859236,0.4470359572400392,0.9207338527268157,0.9616935483870968,0.6485603163708861,0.32328311645512964,0.7405279730387797,0.7518730883146355,0.4470359572400392,0.565680033762146
Turkmenistan,TKM,21.227,6231.91323839698,38.228,72.839,5.0,25.6,93.1647186279297,18.9331607818604,2.377,0.6034350616981478,0.09892391076940356,0.4285531402821517,0.5426575104207274,0.4179591836734694,0.9454888162854989,0.9959677419354839,0.8642873484328528,0.35117948623377565,0.6870209782838252,0.800970866929688,0.4179591836734694,0.5642826287801895
Malaysia,MYS,5.962,11386.0395636528,51.592,79.37,26.0,13.5135135135135,82.6422941806466,44.304019878896,4.04,0.533200980027566,0.2491478968217281,0.5996364288091762,0.7385072120430624,0.22062879205736327,0.9036943955767781,0.9747983870967742,0.9640683727162793,0.39117443842464705,0.7516654121929771,0.8924579906187052,0.22062879205736327,0.5639816583234232
Guyana,GUY,69.927,20473.7002190617,46.479,73.944,75.0,36.6197183098592,84.2535171508789,35.2743241701836,13.288,0.5439554184412371,0.19568195477324457,0.5341808126584222,0.5757939244909587,0.5978729519977013,0.671274189494848,0.9254032258064516,0.5459554858319442,0.3698186866072408,0.6027275010766351,0.6823842120431182,0.5978729519977013,0.5632008379311738
Bhutan,BTN,9.364,3831.32535494609,56.618,74.965,47.0,17.3913043478261,94.91450020137,15.1554899215698,4.243,0.6151143379476833,0.07655585565325355,0.6639782881429704,0.6064113713377516,0.2839396628216506,0.8985926112088465,0.9536290322580645,0.9418308984540968,0.3458350968004684,0.7812854496759085,0.8339571006833043,0.2839396628216506,0.561254327495333
Senegal,SEN,60.242,1698.03387300843,37.767,70.754,237.0,46.0606060606061,50.2150531512901,16.4575021707177,3.327,0.31675870417967267,0.08426523077562785,0.422651509332514,0.4801331454103818,0.7520098948670383,0.9216134707212867,0.7620967741935484,0.6092623459816322,0.20051196747765027,0.6721324900269003,0.6171640885285208,0.7520098948670383,0.5604546102250274
Brunei Darussalam,BRN,8.518,32890.5491812019,54.827,77.555,36.0,11.7647058823529,93.2725572697522,44.5215869311552,5.32,0.6041548528465615,0.250436138173707,0.6410502598765906,0.6840795273937686,0.19207683073229223,0.8715255089218397,0.9647177419354839,0.9473608523711475,0.42729549551013424,0.7562878843992151,0.8653860405668,0.19207683073229223,0.5602615628021105
Bosnia and Herzegovina,BIH,11.217,8663.02326458629,39.533,80.903,6.0,19.0476190476191,90.4367218017578,57.6517601013184,12.785,0.5852264869684033,0.32818151304001064,0.4452594925365491,0.784478363870813,0.3109815354713323,0.6839155566725308,0.9949596774193549,0.9297185998627316,0.45670400000420697,0.56458752460454,0.9030522137176332,0.3109815354713323,0.558831318449428
Kuwait,KWT,1.576,34075.849012909,48.179,83.7,8.0,3.07692307692308,94.6070022583008,65.9408689214824,5.893,0.6130618798136043,0.3772623487745803,0.5559438768978672,0.8683539748703032,0.05023547880690743,0.8571249057552148,0.9929435483870968,0.9927378501160244,0.4951621142940923,0.706534391326541,0.9513451244578081,0.05023547880690743,0.5508192772213372
Antigua and Barbuda,ATG,32.932,21494.5474000727,53.205,80.294,35.0,5.55555555555556,109.004008633981,60.20214459287705,5.473,0.7091576538120095,0.343282654188705,0.6202857362316613,0.7662158515008844,0.09070294784580506,0.8676803216888666,0.9657258064516129,0.7877765794032094,0.5262201540003573,0.7439830289602639,0.839906079118569,0.09070294784580506,0.5502030524812489
Maldives,MDV,5.425,12587.6126038651,40.311,82.819,32.0,4.59770114942529,84.9893523087311,79.9435223432219,3.464,0.54886690123036,0.4601737868255177,0.4552192948767186,0.841934806729241,0.07506450856204555,0.9181703945715004,0.96875,0.9675785207700102,0.5045203440279389,0.6866948447241095,0.9260877758330838,0.07506450856204555,0.5480918682867945
Seychelles,SYC,54.516,18262.7115849287,53.205,78.8,42.0,22.8571428571429,75.8835758835759,18.5635679119606,5.473,0.48808852754638093,0.09673550579972898,0.6202857362316613,0.7214142201697302,0.3731778425655984,0.8676803216888666,0.9586693548387096,0.6466908520443181,0.29241201667305494,0.7439830289602639,0.7755914756842527,0.3731778425655984,0.5462910909707924
Zimbabwe,ZWE,98.057,2195.22492079245,62.178,65.013,358.0,30.6818181818182,94.6070022583008,60.20214459287705,9.516,0.6130618798136043,0.343282654188705,0.735156310008449,0.3079737307703842,0.5009276437847869,0.7660718773561196,0.6401209677419355,0.36208124979573153,0.47817226700115467,0.7506140936822843,0.4367253161026838,0.5009276437847869,0.5416098301427275
Tanzania,TZA,113.209,1224.00219726563,80.33,69.775,276.0,37.4045801526718,29.2047595977783,4.66307392103225,2.211,0.17652118755476054,0.014428966339359243,0.9675346288757457,0.4507751821753082,0.610687022900764,0.9496607187735612,0.7227822580645161,0.26303886001895604,0.0954750769470599,0.9585976738246534,0.4788654334195934,0.610687022900764,0.5359063017730177
"Venezuela, RB",VEN,73.295,3617.43594578269,36.158,76.501,227.0,22.1556886227545,101.692710876465,60.20214459287705,5.937,0.6603568963067458,0.343282654188705,0.4020534091200041,0.652472486280625,0.36172552853476736,0.8560191002764513,0.7721774193548387,0.5239402555806125,0.5018197752477254,0.6290362546982278,0.6495300537386921,0.36172552853476736,0.5355279030548532
Sierra Leone,SLE,93.592,758.329137378248,51.774,63.502,354.0,28.1879194630873,91.7119293212891,60.20214459287705,2.096,0.5937381212901709,0.343282654188705,0.6019663568630462,0.26266230845353405,0.46021093000958857,0.9525508921839658,0.6441532258064516,0.39126711769127687,0.468510387739438,0.777258624523506,0.43269421731708757,0.46021093000958857,0.534668539897405
Tajikistan,TJK,40.437,1178.47990060249,21.674,73.976,14.0,26.984126984127,83.7874636593437,34.0234005542585,4.104,0.5408446487558539,0.18827508174964985,0.21663210179993342,0.5767535310522685,0.44055717525105303,0.9020859512440311,0.9868951612903226,0.7387194823021865,0.36455986525275186,0.5593590265219823,0.7674560582149258,0.44055717525105303,0.5329830313101782
Cambodia,KHM,46.89,2429.74853452838,77.22,73.187,137.0,13.6,60.3343523907692,18.7855793507951,0.208,0.38430204391048345,0.09805006291280786,0.9277210231200553,0.5530932317749722,0.2220408163265306,1.0,0.8629032258064516,0.6965388763604274,0.24117605341164566,0.9638605115600276,0.7041784446472837,0.2220408163265306,0.5328139564863719
Tonga,TON,24.841,5651.59373063157,42.617,76.405,67.0,7.14285714285714,97.895246159429,58.6076201875125,2.31,0.6350099386342368,0.33384127850980405,0.4847402514274009,0.6495936665966953,0.11661807580174922,0.9471726564463433,0.9334677419354839,0.8406641173971304,0.48442560857202044,0.7159564539368721,0.8079085086431032,0.11661807580174922,0.5312271617384362
Suriname,SUR,48.032,5521.97602122638,44.348,76.835,84.0,29.4117647058824,78.089997077636,6.06664974435218,10.81,0.502815738667705,0.022739711911645734,0.5069001715441533,0.6624883797642963,0.48019207683073306,0.7335511435033928,0.9163306451612904,0.6890740922312646,0.26277772528967536,0.620225657523773,0.7559643723856171,0.48019207683073306,0.5297899580074497
Morocco,MAR,25.103,3813.72607421875,19.671,77.6,70.0,24.3037974683544,87.2227171713839,51.8200104174748,10.578,0.5637739533978161,0.2936510038516666,0.1909900914048698,0.6854289741206103,0.3967966933608882,0.7393817542096004,0.9304435483870968,0.8389515311958688,0.4287124786247414,0.4651859228072351,0.8182746845678587,0.3967966933608882,0.5272424448401809
Eritrea,ERI,65.177,7133.02838048328,72.862,70.656,291.0,22.0,40.2760810852051,60.20214459287705,6.651,0.2504189951793117,0.343282654188705,0.8719307678521135,0.47719435031637036,0.35918367346938773,0.8380748931892436,0.7076612903225806,0.5770042814655031,0.29685082468400836,0.8550028305206785,0.5872866407014846,0.35918367346938773,0.5245809923438898
Fiji,FJI,21.169,5926.20586394763,38.419,69.362,30.0,10.9090909090909,99.1709898140329,70.9389846794427,6.977,0.6435251514995866,0.40685680866417306,0.4309982845584657,0.4383902599934025,0.17810760667903508,0.8298818798693139,0.9707661290322581,0.86466647056901,0.5251909800818798,0.6304400822138898,0.7579409531982235,0.17810760667903508,0.5229199055432571
Equatorial Guinea,GNQ,150.442,6677.793435386,53.265,65.661,174.0,31.0,94.6070022583008,60.20214459287705,9.244,0.6130618798136043,0.343282654188705,0.6210538443812889,0.3274057636369088,0.5061224489795918,0.7729077657702941,0.8256048387096774,0.019662058371735625,0.47817226700115467,0.6969808050757915,0.39089088690610724,0.5061224489795918,0.5180416019906613
Kenya,KEN,56.313,1942.58802756191,62.946,65.92,149.0,23.2758620689655,84.7505339840655,7.29617444896105,6.83,0.5472728593056089,0.030019879341913504,0.7449880943236806,0.33517257924251054,0.3800140745953551,0.833576275446092,0.8508064516129032,0.6349446024120011,0.2886463693237612,0.7892821848848863,0.6069745444224717,0.3800140745953551,0.5162292933066186
Vanuatu,VUT,66.219,3482.61458237637,53.604,73.927,100.0,1.92307692307692,134.925790252936,60.20214459287705,6.292,0.8821779055984453,0.343282654188705,0.625393655426684,0.575284133505263,0.03139717425431706,0.8470972606182459,0.9002016129032258,0.5701931561917835,0.6127302798935752,0.7362454580224649,0.6818929675334241,0.03139717425431706,0.5155664699259452
Palau,PLW,29.927,15610.8231931032,53.205,71.798,89.0,6.25,97.6190476190476,49.6957403651116,5.473,0.6331663947875094,0.28107293885603285,0.6202857362316613,0.511440309473116,0.10204081632653061,0.8676803216888666,0.9112903225806451,0.8074190280092819,0.4571196668217711,0.7439830289602639,0.7433832200210144,0.10204081632653061,0.511631683032395
South Sudan,SSD,97.132,7133.02838048328,70.393,60.627,692.0,32.3636363636364,94.6070022583008,60.20214459287705,13.593,0.6130618798136043,0.343282654188705,0.8403231174949433,0.17644765646085106,0.5283858998144719,0.6636089469716009,0.30342741935483875,0.36812759420858243,0.47817226700115467,0.7519660322332721,0.2826675566747574,0.5283858998144719,0.510297938930914
St. Lucia,LCA,27.829,13554.7684784933,62.135,76.304,44.0,11.1111111111111,90.5332412719727,20.5900497436523,13.598,0.5858707259826947,0.10873455467919374,0.734605832501216,0.6465649083875611,0.1814058956916098,0.663483287258105,0.9566532258064516,0.8211327907964833,0.34730264033094427,0.6990445598796605,0.8081169749968321,0.1814058956916098,0.5089675177247617
Nepal,NPL,67.169,1382.33055769304,27.302,71.837,142.0,33.0882352941176,90.7214299008772,20.7927142124166,11.933,0.5871268296114898,0.10993455599615769,0.2886806462349899,0.5126098299697124,0.5402160864345731,0.7053279718522242,0.8578629032258065,0.5639833970650717,0.3485306928038237,0.49700430904360704,0.6448187100868635,0.5402160864345731,0.5076424495922169
Kiribati,KIR,44.026,2177.70125812262,53.205,68.17,80.0,6.66666666666667,100.551571980143,60.20214459287705,5.473,0.6527401305277859,0.343282654188705,0.6202857362316613,0.4026449155846103,0.10884353741496604,0.8676803216888666,0.9203629032258065,0.7152596659803249,0.49801139235824543,0.7439830289602639,0.6794224949302472,0.10884353741496604,0.5075651134159307
Lao PDR,LAO,81.654,2066.94979776957,61.407,71.25,112.0,21.9512195121951,53.2568302183413,12.6891498565674,0.871,0.3370616695296532,0.06195235192055969,0.7252861202857361,0.49500704711068455,0.3583872573419608,0.9833375219904499,0.8881048387096774,0.4693009118541034,0.19950701072510646,0.854311821138093,0.6174709325581551,0.3583872573419608,0.5074192554408288
India,IND,14.06,2530.12031278204,30.984,73.598,80.0,15.2416356877323,78.7503140925354,35.2437991377201,4.057,0.5072231601118089,0.195501212290954,0.3358168830171288,0.5654181785467957,0.24884303163644572,0.9032671525508922,0.9203629032258065,0.9111350786024773,0.35136218620138143,0.6195420177840105,0.7989720534583599,0.24884303163644572,0.5046798222700494
Honduras,HND,82.079,3227.45762509776,39.364,75.501,47.0,27.34375,59.4406700134277,29.6191849826706,8.817,0.37833697745719386,0.162197178117488,0.44309598791509835,0.6224847812396918,0.44642857142857145,0.7836391053028399,0.9536290322580645,0.46652286171846913,0.27026707778734094,0.6133675466089691,0.6808788917387417,0.44642857142857145,0.5027355218909059
Bangladesh,BGD,73.179,2551.01773827307,41.874,76.373,115.0,20.8571428571429,71.5461976300242,20.8052172080444,3.238,0.4591378061587057,0.11000858777543719,0.4752285121745141,0.6486340600353856,0.3405247813411086,0.923850213621513,0.8850806451612904,0.5246984998529267,0.28457319696707145,0.6995393628980136,0.6861377350165343,0.3405247813411086,0.502693769055682
Zambia,ZMB,115.907,1330.72780576709,56.361,68.673,85.0,14.9700598802395,94.6070022583008,60.20214459287705,6.037,0.6130618798136043,0.343282654188705,0.6606882249020661,0.4177287312201997,0.24440914090186938,0.8535059060065343,0.9153225806451613,0.2454031440990947,0.47817226700115467,0.7570970654543002,0.5261514853214851,0.24440914090186938,0.5014574896697024
Marshall Islands,MHL,71.839,6793.24495895856,53.205,69.334,155.0,12.1212121212121,96.0382030420941,47.2116946399567,5.473,0.622614723194855,0.2663645977256922,0.6202857362316613,0.4375506042522566,0.19789734075448326,0.8676803216888666,0.844758064516129,0.5334575285158676,0.4444896604602736,0.7439830289602639,0.605255399094751,0.19789734075448326,0.497906357317443
Tunisia,TUN,4.315,3951.11683376921,26.781,79.149,36.0,16.2337662337662,94.6070022583008,49.398738861084,20.453,0.6130618798136043,0.2793143563173842,0.2820109071357247,0.731879929229016,0.26504108136761145,0.4912038200552903,0.9647177419354839,0.9748341340654313,0.44618811806549424,0.3866073635955075,0.8904772684099771,0.26504108136761145,0.49707845785964755
"Egypt, Arab Rep.",EGY,41.754,3456.78968456253,18.478,73.809,17.0,27.5337837837838,83.0465220652019,37.9565582275391,15.166,0.5358990820096348,0.21156379346385173,0.17571754102977702,0.5717455843104325,0.44953116381687835,0.6240764011058055,0.9838709677419355,0.7301107951759976,0.3737314377367432,0.39989697106779126,0.7619091157427885,0.44953116381687835,0.49626717209105037
Tuvalu,TUV,27.507,6344.7750188689,53.205,70.698,170.0,6.25,104.873949579832,27.8325123152709,5.473,0.6815907269724137,0.15161806887877552,0.6202857362316613,0.4784538339280892,0.10204081632653061,0.8676803216888666,0.8296370967741935,0.8232375723110108,0.4166043979255946,0.7439830289602639,0.7104428343377646,0.10204081632653061,0.49326776938753836
Comoros,COM,55.233,1560.27378476855,47.058,68.932,179.0,16.6666666666667,56.4125595092773,60.20214459287705,4.488,0.35812523238631727,0.343282654188705,0.5415930563023273,0.42549554682580143,0.2721088435374155,0.8924352852475497,0.8205645161290323,0.6420041180507893,0.35070394328751114,0.7170141707749385,0.6293547270018743,0.2721088435374155,0.49229542115043484
Cameroon,CMR,106.661,1720.47510154506,57.095,65.944,258.0,33.8888888888889,42.4944197803389,14.536544208554,4.183,0.2652257521075848,0.07289100174335598,0.6700847479325088,0.335892284163493,0.5532879818594106,0.9001005277707967,0.7409274193548387,0.3058404418733862,0.1690583769254704,0.7850926378516527,0.46088671513057267,0.5532879818594106,0.4920814279417767
Guinea,GIN,118.577,1555.49375806861,42.739,61.897,494.0,29.6296296296296,94.6070022583008,60.20214459287705,5.212,0.6130618798136043,0.343282654188705,0.4863020713316434,0.21453204186283611,0.4837490551776261,0.8742397587333501,0.5030241935483871,0.22795045265875735,0.47817226700115467,0.6802709150324968,0.31516889602332687,0.4837490551776261,0.4893402833086511
Myanmar,MMR,33.506,1233.19666209269,41.051,70.164,185.0,15.2941176470588,81.8814926147461,24.3676490783691,3.633,0.5281228538236417,0.13110218628359901,0.464692628722124,0.4624403994362311,0.2496998799519804,0.9139230962553405,0.814516129032258,0.7840245775729646,0.32961252005362035,0.6893078624887323,0.6869937020138179,0.2496998799519804,0.4889034911270378
Belize,BLZ,55.232,7424.75821321022,44.076,76.495,67.0,15.625,84.5732792044884,29.0806945863126,12.86,0.5460897358982906,0.15900871006118766,0.5034180812658422,0.6522925600503794,0.25510204081632654,0.682030660970093,0.9334677419354839,0.6420106546393437,0.3525492229797391,0.5927243711179676,0.742590318875069,0.25510204081632654,0.48574148844727555
"Gambia, The",GMB,58.094,883.024111719809,45.242,67.534,354.0,8.62068965517241,116.372766553778,60.20214459287705,5.776,0.7583419409639498,0.343282654188705,0.5183449829736025,0.3835727351785769,0.14074595355383526,0.8600653430510179,0.6441532258064516,0.6233029381965551,0.5508122975763274,0.6892051630123102,0.5503429663938612,0.14074595355383526,0.48277659513408355
Guatemala,GTM,68.269,5758.32760847852,38.14,74.877,94.0,20.0,48.2479657338074,30.5259191296939,3.032,0.3036289754726801,0.16756606284206993,0.42742658166269804,0.6037724532941492,0.32653061224489793,0.9290273938175421,0.90625,0.5567931496551949,0.235597519157375,0.67822698774012,0.6889385343164479,0.32653061224489793,0.4823234133647102
Ghana,GHA,58.238,2383.90410483418,55.53,67.943,234.0,14.5454545454545,77.9574778013858,21.6757346417755,3.12,0.5019312115591748,0.11516302887350807,0.6500499270297257,0.3958377065403183,0.2374768089053796,0.9268157828600151,0.7651209677419355,0.6223616694447167,0.3085471202163414,0.7884328549448705,0.5944401145756568,0.2374768089053796,0.4822242246605621
Sri Lanka,LKA,15.091,3798.89016573011,29.6,80.593,18.0,5.33333333333333,90.4491165297148,26.0459119158667,6.638,0.5853092181241343,0.1410393875477782,0.31809918836572193,0.7751821753081237,0.08707482993197274,0.8384016084443328,0.9828629032258065,0.9043958558028565,0.36317430283595625,0.5782503984050273,0.8874803114455956,0.08707482993197274,0.478994960654638
Libya,LBY,5.923,6026.51518708812,33.465,70.416,59.0,16.4705882352941,94.6070022583008,60.20214459287705,24.931,0.6130618798136043,0.343282654188705,0.36757815500422464,0.46999730110654614,0.26890756302520985,0.3786629806484041,0.9415322580645161,0.9643232996699023,0.47817226700115467,0.37312056782631436,0.7919509529469883,0.26890756302520985,0.47803783769991676
Guinea-Bissau,GNB,81.981,988.087886357022,60.084,66.362,505.0,9.80392156862745,94.6070022583008,60.20214459287705,1.82,0.6130618798136043,0.343282654188705,0.7083493355864505,0.34842714487060283,0.16006402561024408,0.9594873083689369,0.49193548387096775,0.4671634473968036,0.47817226700115467,0.8339183219776938,0.4358420253794581,0.16006402561024408,0.47699915999213766
Benin,BEN,77.844,1394.17784721831,74.802,62.208,518.0,26.605504587156,40.2818489074707,7.59056997299194,1.448,0.2504574936928523,0.03176303155157007,0.8967662646900685,0.22385821813056636,0.4343755850964245,0.9688363910530284,0.47883064516129037,0.4942053142464947,0.14111026262221119,0.9328013278715485,0.39896472584611714,0.4343755850964245,0.4768129753590753
Angola,AGO,140.84,2916.13663284275,72.318,67.144,183.0,33.6363636363636,48.1175394651696,9.93361649716081,14.335,0.3027584185730426,0.045636499021491826,0.8649665872954911,0.37187753021261294,0.5491651205936914,0.6449610454888163,0.8165322580645161,0.08242638167140559,0.1741974587972672,0.7549638163921537,0.42361205664951146,0.5491651205936914,0.47548461310815593
Nauru,NRU,76.239,12752.4723855838,53.205,64.003,273.0,10.5263157894737,93.0666732788086,60.20214459287705,5.473,0.6027806378919146,0.343282654188705,0.6202857362316613,0.2776861486790415,0.17185821697099918,0.8676803216888666,0.7258064516129032,0.5046965388763605,0.4730316460403098,0.7439830289602639,0.5027297130561017,0.17185821697099918,0.47290065125691866
Oman,OMN,5.986,21027.7384778886,30.321,81.882,13.0,0.0,91.191469277966,52.9462515450918,11.296,0.5902642039080919,0.3003196164831742,0.32732928796374533,0.8138363271058866,0.0,0.7213370193515959,0.9879032258064516,0.9639114945909729,0.445291910195633,0.5243331536576706,0.9218836825011038,0.0,0.4728771865886019
Samoa,WSM,43.538,4822.74084650019,31.158,73.662,101.0,12.962962962963,94.6070022583008,21.8301579821768,7.59,0.6130618798136043,0.11607738851918949,0.33804439665104846,0.5673373916694157,0.21164021164021224,0.8144759989947223,0.8991935483870968,0.7184495211948885,0.36456963416639687,0.5762601978228854,0.7283268204171337,0.21164021164021224,0.4701992160116571
Sao Tome and Principe,STP,86.195,2990.6606143535,22.874,73.728,75.0,14.5454545454545,94.6070022583008,60.20214459287705,9.153,0.6130618798136043,0.343282654188705,0.23199426479248278,0.5693165802021168,0.2374768089053796,0.7751947725559185,0.9254032258064516,0.4396182632284211,0.47817226700115467,0.5035945186742007,0.6447793564123299,0.2374768089053796,0.4660057377482662
Mali,MLI,138.564,1043.9533853528,53.06,61.9,367.0,28.5714285714286,37.1307560416794,60.20214459287705,3.09,0.22942487760742938,0.343282654188705,0.6184294748700616,0.2146220049779589,0.46647230320699756,0.9275697411409902,0.6310483870967742,0.09730365722129619,0.2863537658980672,0.7729996080055259,0.31432468309867645,0.46647230320699756,0.46003759005231676
Iraq,IRQ,58.006,5965.31835077761,10.913,74.055,66.0,29.0519877675841,94.6070022583008,60.20214459287705,29.61,0.6130618798136043,0.343282654188705,0.07887190516424712,0.5791225597505024,0.4743181676340261,0.2610706207589846,0.9344758064516129,0.6238781579893453,0.47817226700115467,0.16997126296161585,0.7124921747304868,0.4743181676340261,0.45873846808182084
Algeria,DZA,8.698,5370.477235078,14.338,77.696,62.0,7.86240786240786,103.220718383789,67.2588432657415,21.064,0.6705558960335023,0.3850662374309338,0.12271807870548171,0.68830779380454,0.1283658426515569,0.475848203066097,0.938508064516129,0.9461842664313495,0.527811066732218,0.29928314088578933,0.8576667082506728,0.1283658426515569,0.45328168963005927
Togo,TGO,77.05,1055.01727877926,56.49,62.923,349.0,19.7802197802198,59.0849653049812,10.7860283764189,2.09,0.3759627533733049,0.05068373489831971,0.6623396574237652,0.2452994272348337,0.32294236375869056,0.9527016838401609,0.6491935483870968,0.4993953655587149,0.21332324413581233,0.8075206706319631,0.4646294470602151,0.32294236375869056,0.45210393139667027
Sudan,SDN,66.071,797.283447265625,14.452,69.626,256.0,30.5164319248826,44.8803787231445,60.20214459287705,14.01,0.2811513247825145,0.343282654188705,0.12417748418977391,0.44630701412420914,0.49822745999808327,0.6531289268660467,0.7429435483870968,0.5711605712978396,0.3122169894856097,0.38865320552791033,0.5868037112697152,0.49822745999808327,0.44647534157032964
Lebanon,LBN,20.831,3477.72489842684,22.234,79.734,15.0,6.25,66.7372772721446,57.1435211987779,14.48,0.4270396802130405,0.32517216780993863,0.2238011111964565,0.7494227366779618,0.10204081632653061,0.6413169137974366,0.9858870967741935,0.8668758375004085,0.37610592401148957,0.43255901249694656,0.8673952236508545,0.10204081632653061,0.44452524412145533
Jordan,JOR,18.425,4466.08314208575,15.933,80.192,31.0,12.3076923076923,93.1909358247647,40.4090341678811,23.072,0.6036100537594268,0.22608520600437726,0.14313695368307858,0.7631571055867091,0.2009419152276294,0.4253832621261623,0.969758064516129,0.8826028695623753,0.41484762988190205,0.2842601079046204,0.8718393465550712,0.2009419152276294,0.44297224989230577
Papua New Guinea,PNG,54.069,2966.06830432055,50.644,69.085,189.0,2.7027027027027,48.1780291095574,60.20214459287705,2.157,0.30316216911983357,0.343282654188705,0.5875003200450623,0.4300836656970639,0.044125758411472656,0.9510178436793164,0.810483870967742,0.6496127071281498,0.3232224116542693,0.7692590818621894,0.6300600812643186,0.044125758411472656,0.4416668332980625
"Iran, Islamic Rep.",IRN,26.204,5049.29931642754,14.128,79.628,16.0,5.59440559440559,86.1972427368164,59.131290435791,15.11,0.5569292138086329,0.33694199464135194,0.1200297001817856,0.746244039943623,0.09133723419437698,0.625483789896959,0.9848790322580645,0.8317547471974376,0.44693560422499246,0.3727567450393723,0.854292606466375,0.09133723419437698,0.4413305474812792
Djibouti,DJI,18.972,3381.29779710722,18.936,68.51,162.0,26.1538461538462,94.6070022583008,60.20214459287705,35.717,0.6130618798136043,0.343282654188705,0.18158076657193334,0.41284073529852766,0.42700156985871346,0.10758984669514948,0.8377016129032258,0.8790273556231003,0.47817226700115467,0.1445853066335414,0.7098565679416179,0.42700156985871346,0.43990392785875687
Haiti,HTI,49.775,1705.75808460999,59.351,68.3,328.0,2.54237288135593,94.6070022583008,60.20214459287705,17.612,0.6130618798136043,0.343282654188705,0.6989656143585016,0.4065433172399315,0.04150812867519885,0.562603669263634,0.6703629032258065,0.677680818380887,0.47817226700115467,0.6307846418110679,0.5848623462822083,0.04150812867519885,0.4338318459424074
Gabon,GAB,91.707,7802.82433276138,41.876,71.052,233.0,24.4897959183673,72.0510629415333,60.20214459287705,28.777,0.4625076333025185,0.343282654188705,0.47525411577950166,0.48906948151257995,0.39983340274885387,0.28200552902739373,0.7661290322580645,0.403588587116384,0.40289514374561175,0.37862982240344767,0.5529290336290095,0.39983340274885387,0.4335718506317307
Malawi,MWI,113.577,633.214767978695,58.644,70.562,225.0,20.7253886010363,37.2564052253575,2.22621093042937,5.946,0.23026354887302047,0.0,0.6899147399953912,0.47437550604252243,0.3383736914454906,0.8557929127921589,0.7741935483870968,0.26063339543092456,0.11513177443651024,0.772853826393775,0.5030674832868479,0.3383736914454906,0.43235669389065595
Madagascar,MDG,129.802,508.718427705591,82.866,65.377,445.0,18.5430463576159,35.2580222250234,6.22109620045972,3.305,0.21692493137495836,0.023654208428274964,1.0,0.3188892554052836,0.30274361400189226,0.9221663734606685,0.5524193548387097,0.15457724613524204,0.12028956990161666,0.9610831867303342,0.34196195212641173,0.30274361400189226,0.4315195806900637
Niger,NER,145.324,638.336080897887,72.501,62.129,350.0,25.9036144578313,20.6873224974982,3.21490820419114,0.283,0.11966980544960555,0.005854198507645868,0.8673093171518551,0.22148918943233262,0.4229161544135722,0.9981151042975622,0.6481854838709677,0.053116318593325995,0.0627620019786257,0.9327122107247087,0.30759699729887546,0.4229161544135722,0.43149684110394554
Lesotho,LSO,70.642,916.282976983803,48.426,60.007,478.0,26.4462809917355,94.6070022583008,11.9503822035062,18.582,0.6130618798136043,0.057578017524357025,0.5591059221138336,0.15785527933547233,0.4317760161916,0.5382256848454385,0.5191532258064516,0.5412818250155245,0.3353199486689806,0.5486658034796361,0.40609677671914945,0.4317760161916,0.43046463626484155
Cote d'Ivoire,CIV,92.085,2591.9659048119,59.258,64.132,359.0,13.7254901960784,63.094766197367,11.1647106583714,2.523,0.40272699242957216,0.05292595939788117,0.6977750467265791,0.28155456262932205,0.22408963585434122,0.9418195526514199,0.6391129032258065,0.40111775664280813,0.22782647591372668,0.8197972996889995,0.44059507416597893,0.22408963585434122,0.4280771214057616
Burkina Faso,BFA,87.082,873.482589651003,64.722,63.222,242.0,16.9014084507042,33.6455886002101,8.1343872857632,4.403,0.20616241219880305,0.03498304093699557,0.7677240955526536,0.2542657510420727,0.27594136246047674,0.8945715003769792,0.7570564516129032,0.43382030918063863,0.1205727265678993,0.8311477979648164,0.4817141706118715,0.27594136246047674,0.427344014401266
West Bank and Gaza,PSE,36.043,3455.02852911712,18.934,71.502,16.0,25.04489795918365,92.1529721719084,54.7817476689496,39.998,0.5966819523193991,0.3111878154296469,0.18155516296694577,0.5025639487809995,0.40889629321116167,0.0,0.9848790322580645,0.7674412524103671,0.453934883874523,0.09077758148347288,0.751628077816477,0.40889629321116167,0.4263092090964086
Pakistan,PAK,41.095,1360.32417758419,23.997,70.163,155.0,20.4678362573099,39.5879695501278,10.3220983854533,6.775,0.2458260535055355,0.04793674819891329,0.2463706889930102,0.46241041173119,0.33416875522138617,0.8349585322945463,0.844758064516129,0.7344184070333692,0.1468814008522244,0.5406646106437782,0.6805289610935628,0.33416875522138617,0.42556093195273786
Botswana,BWA,53.805,7826.35376483298,63.426,71.698,155.0,11.1111111111111,74.0652465820312,25.3977588554212,27.069,0.4759517154163896,0.13720159333120344,0.7511329595207005,0.5084415389690224,0.1814058956916098,0.32493088715757723,0.844758064516129,0.6513383665065202,0.3065766543737965,0.5380319233391389,0.6681793233305573,0.1814058956916098,0.4235484491837756
Eswatini,SWZ,68.726,3755.52111232464,48.24,66.953,118.0,17.1428571428571,94.6070022583008,60.20214459287705,37.01,0.6130618798136043,0.343282654188705,0.5567247868499885,0.3661498785497946,0.27988338192419754,0.07509424478512183,0.8820564516129032,0.5538059286858188,0.47817226700115467,0.31590951581755516,0.6006707529495056,0.27988338192419754,0.41865897942310326
"Congo, Rep.",COG,109.88,2477.97845544866,65.642,67.461,241.0,14.5695364238411,94.6070022583008,8.31634998321533,21.276,0.6130618798136043,0.036060464512584545,0.7795017538469415,0.38138363271058856,0.23786998243005877,0.47052023121387276,0.7580645161290323,0.284799163316665,0.32456117216309444,0.6250109925304072,0.4747491040520953,0.23786998243005877,0.4155478127939139
Liberia,LBR,126.012,799.194470229642,71.966,63.444,628.0,10.958904109589,37.0220985412598,60.20214459287705,2.237,0.22869962081924103,0.343282654188705,0.8604603528176766,0.26092302156115993,0.17892088342186122,0.9490072882633828,0.36794354838709675,0.1793509167565447,0.28599113750397304,0.9047338205405298,0.2694058289016005,0.17892088342186122,0.4097629175919911
"Congo, Dem. Rep.",COD,106.884,660.21205238997,61.719,64.038,427.0,12.8,42.9527015686035,4.74844980239868,3.626,0.26828464796436874,0.014934487463517549,0.729280282663799,0.27873571835547406,0.2089795918367347,0.9140990198542347,0.5705645161290323,0.3043827826257476,0.14160956771394315,0.8216896512590168,0.38456100570341795,0.2089795918367347,0.3892099541282782
Syrian Arab Republic,SYR,38.91,1051.67149587463,12.879,74.412,20.0,10.8,42.0292587280273,60.20214459287705,25.152,0.2621209391909701,0.343282654188705,0.10404024886704046,0.5898281704501156,0.1763265306122449,0.3731088213118874,0.9808467741935484,0.7487008530248064,0.30270179668983754,0.2385745350894639,0.7731252658894902,0.1763265306122449,0.3726820320702591
Nigeria,NGA,86.432,2138.76383719983,80.693,54.743,993.0,3.91061452513966,47.4061508178711,60.20214459287705,4.113,0.29801010903618597,0.343282654188705,0.9721816831809919,0.0,0.06384676775738221,0.9018597637597386,0.0,0.43806909174102027,0.3206463816124455,0.9370207234703652,0.14602303058034008,0.06384676775738221,0.36688422585513325
Mauritania,MRT,88.903,2135.78187606359,26.198,70.484,381.0,23.2954545454545,36.1789325617578,4.35593332639211,15.05,0.22307173643167574,0.012610348994599554,0.2745474562818445,0.47203646504932956,0.38033395176252244,0.6269917064589092,0.6169354838709677,0.42191718142301526,0.11784104271313765,0.45076958137037687,0.5036297101144376,0.38033395176252244,0.3631435714901186
Chad,TCD,134.738,949.333453674592,47.817,57.014,748.0,25.8883248730965,19.2402040168684,2.47607733580501,0.732,0.11001071613375835,0.0014794898057070688,0.5513096243951148,0.06810207814795936,0.422666528540351,0.9868308620256345,0.24697580645161288,0.1223126450305585,0.05574510296973271,0.7690702432103746,0.14579684321004358,0.422666528540351,0.3483196794826255
Afghanistan,AFG,64.068,413.757894705303,5.145,67.536,521.0,27.0161290322581,45.1596908569336,5.93654012680054,26.597,0.2830156509474976,0.021969316817904715,0.005031108380059909,0.3836327105886586,0.44107965766952,0.3367931641115858,0.47580645161290325,0.5842533581723699,0.15249248388270115,0.17091213624582285,0.4812308401246439,0.44107965766952,0.311428779480672
"Yemen, Rep.",YEM,75.328,633.887202451545,4.752,71.388,118.0,0.0,94.6070022583008,60.20214459287705,29.385,0.6130618798136043,0.343282654188705,0.0,0.49914535040633345,0.0,0.266725307866298,0.8820564516129032,0.5106513710494492,0.47817226700115467,0.133362653933149,0.6306177243562286,0.0,0.3105381613226331
"Somalia, Fed. Rep.",SOM,117.1,596.885985135589,20.707,61.388,563.0,19.7080291970803,2.75847005844116,60.20214459287705,24.663,0.0,0.343282654188705,0.20425275878843743,0.1992682999970011,0.3217637419931478,0.38539834129178174,0.4334677419354839,0.23760499395365553,0.1716413270943525,0.2948255500401096,0.2901136786287135,0.3217637419931478,0.26958607443908084
